{
  "best_metric": 0.18790695071220398,
  "best_model_checkpoint": "./steam_review_model\\checkpoint-74",
  "epoch": 4.0,
  "eval_steps": 500,
  "global_step": 148,
  "is_hyper_param_search": false,
  "is_local_process_zero": true,
  "is_world_process_zero": true,
  "log_history": [
    {
      "epoch": 1.0,
      "eval_acc": 0.9319727891156463,
      "eval_f1": 0.9288066640836885,
      "eval_loss": 0.20111240446567535,
      "eval_precision": 0.9264252696456087,
      "eval_recall": 0.9315789473684211,
      "eval_runtime": 0.6442,
      "eval_samples_per_second": 228.204,
      "eval_steps_per_second": 7.762,
      "step": 37
    },
    {
      "epoch": 2.0,
      "eval_acc": 0.9251700680272109,
      "eval_f1": 0.9203958056417073,
      "eval_loss": 0.18790695071220398,
      "eval_precision": 0.9253285543608124,
      "eval_recall": 0.916374269005848,
      "eval_runtime": 0.6508,
      "eval_samples_per_second": 225.882,
      "eval_steps_per_second": 7.683,
      "step": 74
    },
    {
      "epoch": 3.0,
      "eval_acc": 0.9251700680272109,
      "eval_f1": 0.9209406932968269,
      "eval_loss": 0.1882115602493286,
      "eval_precision": 0.9223901098901099,
      "eval_recall": 0.9195906432748537,
      "eval_runtime": 0.6276,
      "eval_samples_per_second": 234.243,
      "eval_steps_per_second": 7.967,
      "step": 111
    },
    {
      "epoch": 4.0,
      "eval_acc": 0.9115646258503401,
      "eval_f1": 0.9052318373419291,
      "eval_loss": 0.23853792250156403,
      "eval_precision": 0.91417004048583,
      "eval_recall": 0.8988304093567252,
      "eval_runtime": 0.6255,
      "eval_samples_per_second": 234.993,
      "eval_steps_per_second": 7.993,
      "step": 148
    }
  ],
  "logging_steps": 500,
  "max_steps": 370,
  "num_input_tokens_seen": 0,
  "num_train_epochs": 10,
  "save_steps": 500,
  "stateful_callbacks": {
    "EarlyStoppingCallback": {
      "args": {
        "early_stopping_patience": 10,
        "early_stopping_threshold": 0.0
      },
      "attributes": {
        "early_stopping_patience_counter": 2
      }
    },
    "TrainerControl": {
      "args": {
        "should_epoch_stop": false,
        "should_evaluate": false,
        "should_log": false,
        "should_save": true,
        "should_training_stop": false
      },
      "attributes": {}
    }
  },
  "total_flos": 112703447900160.0,
  "train_batch_size": 32,
  "trial_name": null,
  "trial_params": null
}
